{
 "cells": [
  {
   "cell_type": "markdown",
   "metadata": {},
   "source": [
    "# Processing Data"
   ]
  },
  {
   "cell_type": "code",
   "execution_count": 1,
   "metadata": {},
   "outputs": [],
   "source": [
    "import numpy as np\n",
    "import math\n",
    "import pandas as pd \n",
    "from scipy import linalg as LA\n",
    "from scipy.optimize import minimize"
   ]
  },
  {
   "cell_type": "code",
   "execution_count": 2,
   "metadata": {},
   "outputs": [],
   "source": [
    "def to_float(data):\n",
    "    for x in data:\n",
    "        for i in range(len(data[0])):\n",
    "            x[i] = float(x[i])\n",
    "    return data"
   ]
  },
  {
   "cell_type": "code",
   "execution_count": 3,
   "metadata": {},
   "outputs": [],
   "source": [
    "train1 = []\n",
    "\n",
    "with open(\"bank-note/train.csv\", \"r\") as f:\n",
    "    for line in f:\n",
    "        item = line.strip().split(\",\")\n",
    "        train1.append(item) #([1]+ item)\n",
    "        \n",
    "train2 = to_float(train1)        \n",
    "\n",
    "#for i in range(len(train1)):\n",
    "#    train1[i].insert(4,1)\n",
    "\n",
    "\n",
    "test1 = []\n",
    "\n",
    "with open(\"bank-note/test.csv\", \"r\") as f:\n",
    "    for line in f:\n",
    "        item = line.strip().split(\",\")\n",
    "        test1.append(item)\n",
    "        \n",
    "test2 = to_float(test1)\n",
    "\n",
    "#for i in range(len(test2)):\n",
    "#    test2[i].insert(4,1)\n",
    "    \n",
    "\n",
    "for i in range(len(train2)):\n",
    "    train2[i] = np.array(train2[i])\n",
    "    if train2[i][-1] < 0.5:\n",
    "        train2[i][-1] = -1\n",
    "    \n",
    "\n",
    "train = np.array(train2)\n",
    "\n",
    "\n",
    "\n",
    "for i in range(len(test2)):\n",
    "    test2[i] = np.array(test2[i])\n",
    "    if test2[i][-1] < 0.5:\n",
    "        test2[i][-1] = -1\n",
    "\n",
    "\n",
    "test = np.array(test2)"
   ]
  },
  {
   "cell_type": "code",
   "execution_count": 4,
   "metadata": {},
   "outputs": [],
   "source": [
    "n = len(train)\n",
    "m = len(test)\n",
    "d = len(train[0]) - 1 # 4"
   ]
  },
  {
   "cell_type": "code",
   "execution_count": 5,
   "metadata": {},
   "outputs": [],
   "source": [
    "X = train[:,:-1]\n",
    "Y = train[:,-1]"
   ]
  },
  {
   "cell_type": "markdown",
   "metadata": {},
   "source": [
    "# Part (a): Dual SVM "
   ]
  },
  {
   "cell_type": "code",
   "execution_count": 6,
   "metadata": {},
   "outputs": [],
   "source": [
    "def SVM_dual_obj(a):\n",
    "    X = train[:,:-1]\n",
    "    Z = np.diag(train[:,-1])\n",
    "    return(0.5 * a @ ((Z@X) @ (Z@X).T) @ a.T - sum(a))"
   ]
  },
  {
   "cell_type": "code",
   "execution_count": 7,
   "metadata": {},
   "outputs": [],
   "source": [
    "#def SVM_dual_obj(x):\n",
    "#    value = 0.5* sum(sum(train[i][-1]*train[j][-1]*x[i]*x[j]*(train[i][:-1].dot(train[j][:-1])) \n",
    "#for j in range(n)) for i in range(n)) - sum(x[i] for i in range(n))\n",
    "#    \n",
    "#    return value"
   ]
  },
  {
   "cell_type": "code",
   "execution_count": 8,
   "metadata": {},
   "outputs": [],
   "source": [
    "def constraint(a):\n",
    "    Y = train[:,-1]\n",
    "    return(a.dot(Y))"
   ]
  },
  {
   "cell_type": "code",
   "execution_count": 11,
   "metadata": {},
   "outputs": [],
   "source": [
    "def SVM_dual(C):\n",
    "    bounds = tuple([(0,C) for i in range(n)])\n",
    "    cons ={'type':'eq', 'fun': constraint}\n",
    "    solution = minimize(SVM_dual_obj, np.zeros(n), method='SLSQP', bounds=bounds, constraints=cons)\n",
    "    return(solution.x)"
   ]
  },
  {
   "cell_type": "code",
   "execution_count": 12,
   "metadata": {},
   "outputs": [],
   "source": [
    "a_min_list = []\n",
    "C_list = [100/873, 500/873, 700/873]\n",
    "\n",
    "for C in C_list:\n",
    "    a_min = SVM_dual(C)\n",
    "    a_min_list.append(a_min)\n"
   ]
  },
  {
   "cell_type": "code",
   "execution_count": null,
   "metadata": {},
   "outputs": [],
   "source": [
    "#solution = minimize(SVM_dual, np.zeros(n), method='SLSQP', bounds=bounds, constraints=cons)"
   ]
  },
  {
   "cell_type": "code",
   "execution_count": null,
   "metadata": {
    "scrolled": true
   },
   "outputs": [],
   "source": [
    "#minimize(SVM_dual, np.zeros(n), method='trust-constr', bounds = bounds, constraints = cons)"
   ]
  },
  {
   "cell_type": "code",
   "execution_count": 13,
   "metadata": {},
   "outputs": [
    {
     "data": {
      "text/plain": [
       "34"
      ]
     },
     "execution_count": 13,
     "metadata": {},
     "output_type": "execute_result"
    }
   ],
   "source": [
    "LA.norm(a_min_list[1])\n",
    "sum(a_min_list[1]>1e-9)"
   ]
  },
  {
   "cell_type": "code",
   "execution_count": 14,
   "metadata": {},
   "outputs": [],
   "source": [
    "#def jacobian(a):\n",
    "#    A = np.zeros(n)\n",
    "#    for i in range(n):\n",
    "#        A[i] = 0.5 * sum(Y[i]*Y[j]*a[j]*(X[i].dot(X[j])) \n",
    "#                             for j in range(n)) + a[i]*(X[i].dot(X[i])) - 1\n",
    "#    return(A)\n",
    "\n",
    "#minimize(SVM_dual, np.zeros(n), method=\"L-BFGS-B\", jac=jacobian, bounds=bounds)"
   ]
  },
  {
   "cell_type": "code",
   "execution_count": 15,
   "metadata": {},
   "outputs": [
    {
     "data": {
      "text/plain": [
       "[array([-0.94292724, -0.65149171, -0.73372165, -0.04102168]),\n",
       " array([-1.56393678, -1.01405166, -1.18065023, -0.15651741]),\n",
       " array([-2.0426226 , -1.28013918, -1.51329009, -0.2483619 ])]"
      ]
     },
     "execution_count": 15,
     "metadata": {},
     "output_type": "execute_result"
    }
   ],
   "source": [
    "w_list = []\n",
    "\n",
    "for i in range(len(C_list)):\n",
    "    w_list.append(sum(a_min_list[i][j] * Y[j] * X[j] for j in range(n)))\n",
    "    \n",
    "w_list"
   ]
  },
  {
   "cell_type": "code",
   "execution_count": 16,
   "metadata": {},
   "outputs": [],
   "source": [
    "b_1 = []\n",
    "b_2 = []\n",
    "b_3 = []\n",
    "b_list = [b_1, b_2, b_3]\n",
    "\n",
    "for i in range(len(C_list)):\n",
    "    for j in range(n):\n",
    "        if 1e-6 < a_min_list[i][j] < C- 1e-6: # a_min_list[i][j]>0: # C- 1e-6 > a_min_list[i][j] > 1e-6\n",
    "            b_list[i].append(Y[j]- w_list[i].dot(X[j]))"
   ]
  },
  {
   "cell_type": "code",
   "execution_count": 17,
   "metadata": {},
   "outputs": [
    {
     "data": {
      "text/plain": [
       "(45, 31, 6)"
      ]
     },
     "execution_count": 17,
     "metadata": {},
     "output_type": "execute_result"
    }
   ],
   "source": [
    "len(b_list[0]), len(b_list[1]), len(b_list[2])"
   ]
  },
  {
   "cell_type": "code",
   "execution_count": 18,
   "metadata": {},
   "outputs": [
    {
     "data": {
      "text/plain": [
       "[1.07450321696107, 1.5123639929540702, 2.0449145348577336]"
      ]
     },
     "execution_count": 18,
     "metadata": {},
     "output_type": "execute_result"
    }
   ],
   "source": [
    "b_ave_list = []\n",
    "   \n",
    "for i in range(3):\n",
    "    b_ave_list.append(sum(b_list[i])/len(b_list[i]))\n",
    "\n",
    "b_ave_list"
   ]
  },
  {
   "cell_type": "markdown",
   "metadata": {},
   "source": [
    "# Prediction and Errors"
   ]
  },
  {
   "cell_type": "code",
   "execution_count": 19,
   "metadata": {},
   "outputs": [],
   "source": [
    "def sgn(x):\n",
    "    if x >=0:\n",
    "        return 1\n",
    "    else:\n",
    "        return -1"
   ]
  },
  {
   "cell_type": "code",
   "execution_count": 26,
   "metadata": {},
   "outputs": [],
   "source": [
    "def predict(x, C):\n",
    "    for j in range(len(C_list)):\n",
    "        if C == C_list[j]:\n",
    "            l = j\n",
    "\n",
    "    return sgn((w_list[l].T @ x) + b_ave_list[l])"
   ]
  },
  {
   "cell_type": "code",
   "execution_count": 27,
   "metadata": {},
   "outputs": [],
   "source": [
    "label_train_predict = np.ones((len(C_list), n))\n",
    "\n",
    "for j in range(len(C_list)):\n",
    "    for i in range(n):\n",
    "        label_train_predict[j][i] = predict(X[i], C_list[j])\n",
    "            "
   ]
  },
  {
   "cell_type": "code",
   "execution_count": 28,
   "metadata": {},
   "outputs": [
    {
     "name": "stdout",
     "output_type": "stream",
     "text": [
      "Train error = [0.00917431 0.0103211  0.00917431]\n",
      "Number of missclassified train examples: [8.0, 9.0, 8.0]\n"
     ]
    }
   ],
   "source": [
    "c = np.zeros(len(C_list))\n",
    "\n",
    "for j in range(len(C_list)):\n",
    "    for i in range(n):\n",
    "        if label_train_predict[j][i] != Y[i]:\n",
    "            #print(i)\n",
    "            c[j] = c[j] + 1\n",
    "print(\"Train error =\", c/len(X))\n",
    "print(\"Number of missclassified train examples:\", list(c))"
   ]
  },
  {
   "cell_type": "code",
   "execution_count": 29,
   "metadata": {},
   "outputs": [],
   "source": [
    "label_test_predict = np.ones((len(C_list), m))\n",
    "\n",
    "for j in range(len(C_list)):\n",
    "    for i in range(m):\n",
    "        label_test_predict[j][i] = predict(test[i][:-1], C_list[j])\n",
    "            "
   ]
  },
  {
   "cell_type": "code",
   "execution_count": 30,
   "metadata": {},
   "outputs": [
    {
     "name": "stdout",
     "output_type": "stream",
     "text": [
      "Train error = [0.01  0.014 0.01 ]\n",
      "Number of missclassified test examples: [5.0, 7.0, 5.0]\n"
     ]
    }
   ],
   "source": [
    "e = np.zeros(len(C_list))\n",
    "\n",
    "for j in range(len(C_list)):\n",
    "    for i in range(m):\n",
    "        if label_test_predict[j][i] != test[i][-1]:\n",
    "            #print(i)\n",
    "            e[j] = e[j] + 1\n",
    "print(\"Train error =\", e/len(test))\n",
    "print(\"Number of missclassified test examples:\", list(e))"
   ]
  },
  {
   "cell_type": "code",
   "execution_count": 31,
   "metadata": {},
   "outputs": [
    {
     "data": {
      "text/html": [
       "<div>\n",
       "<style scoped>\n",
       "    .dataframe tbody tr th:only-of-type {\n",
       "        vertical-align: middle;\n",
       "    }\n",
       "\n",
       "    .dataframe tbody tr th {\n",
       "        vertical-align: top;\n",
       "    }\n",
       "\n",
       "    .dataframe thead th {\n",
       "        text-align: right;\n",
       "    }\n",
       "</style>\n",
       "<table border=\"1\" class=\"dataframe\">\n",
       "  <thead>\n",
       "    <tr style=\"text-align: right;\">\n",
       "      <th></th>\n",
       "      <th>873*C</th>\n",
       "      <th>Train Error</th>\n",
       "      <th>Test Error</th>\n",
       "      <th>Bias</th>\n",
       "      <th>Learned Weight (rounded to 6 decimals)</th>\n",
       "    </tr>\n",
       "  </thead>\n",
       "  <tbody>\n",
       "    <tr>\n",
       "      <td>1</td>\n",
       "      <td>100.0</td>\n",
       "      <td>0.009174</td>\n",
       "      <td>0.010</td>\n",
       "      <td>1.074503</td>\n",
       "      <td>[-0.942927, -0.651492, -0.733722, -0.041022]</td>\n",
       "    </tr>\n",
       "    <tr>\n",
       "      <td>2</td>\n",
       "      <td>500.0</td>\n",
       "      <td>0.010321</td>\n",
       "      <td>0.014</td>\n",
       "      <td>1.512364</td>\n",
       "      <td>[-1.563937, -1.014052, -1.18065, -0.156517]</td>\n",
       "    </tr>\n",
       "    <tr>\n",
       "      <td>3</td>\n",
       "      <td>700.0</td>\n",
       "      <td>0.009174</td>\n",
       "      <td>0.010</td>\n",
       "      <td>2.044915</td>\n",
       "      <td>[-2.042623, -1.280139, -1.51329, -0.248362]</td>\n",
       "    </tr>\n",
       "  </tbody>\n",
       "</table>\n",
       "</div>"
      ],
      "text/plain": [
       "   873*C  Train Error  Test Error      Bias  \\\n",
       "1  100.0     0.009174       0.010  1.074503   \n",
       "2  500.0     0.010321       0.014  1.512364   \n",
       "3  700.0     0.009174       0.010  2.044915   \n",
       "\n",
       "         Learned Weight (rounded to 6 decimals)  \n",
       "1  [-0.942927, -0.651492, -0.733722, -0.041022]  \n",
       "2   [-1.563937, -1.014052, -1.18065, -0.156517]  \n",
       "3   [-2.042623, -1.280139, -1.51329, -0.248362]  "
      ]
     },
     "execution_count": 31,
     "metadata": {},
     "output_type": "execute_result"
    }
   ],
   "source": [
    "w_list1 = np.around(w_list, decimals = 6)\n",
    "\n",
    "Dic = {}\n",
    "    \n",
    "for i in range(len(C_list)): \n",
    "    Dic[i+1] = [C_list[i] * 873, c[i]/n, e[i]/m, b_ave_list[i], w_list1[i]]\n",
    "    \n",
    "pd.DataFrame.from_dict(Dic, orient='index', columns=['873*C','Train Error', 'Test Error', 'Bias', 'Learned Weight (rounded to 6 decimals)'])"
   ]
  },
  {
   "cell_type": "code",
   "execution_count": null,
   "metadata": {},
   "outputs": [],
   "source": []
  }
 ],
 "metadata": {
  "kernelspec": {
   "display_name": "Python 3",
   "language": "python",
   "name": "python3"
  },
  "language_info": {
   "codemirror_mode": {
    "name": "ipython",
    "version": 3
   },
   "file_extension": ".py",
   "mimetype": "text/x-python",
   "name": "python",
   "nbconvert_exporter": "python",
   "pygments_lexer": "ipython3",
   "version": "3.7.4"
  }
 },
 "nbformat": 4,
 "nbformat_minor": 2
}
