{
 "cells": [
  {
   "cell_type": "markdown",
   "metadata": {},
   "source": [
    "# Processing Data"
   ]
  },
  {
   "cell_type": "code",
   "execution_count": 1,
   "metadata": {},
   "outputs": [],
   "source": [
    "import numpy as np\n",
    "import random\n",
    "import time\n",
    "import math"
   ]
  },
  {
   "cell_type": "code",
   "execution_count": 2,
   "metadata": {},
   "outputs": [],
   "source": [
    "def to_float(data):\n",
    "    for x in data:\n",
    "        for i in range(len(data[0])):\n",
    "            x[i] = float(x[i])\n",
    "    return data"
   ]
  },
  {
   "cell_type": "code",
   "execution_count": 3,
   "metadata": {},
   "outputs": [],
   "source": [
    "train1 = []\n",
    "\n",
    "with open(\"bank-note/train.csv\", \"r\") as f:\n",
    "    for line in f:\n",
    "        item = line.strip().split(\",\")\n",
    "        train1.append(item) #([1]+ item)\n",
    "        \n",
    "train2 = to_float(train1)        \n",
    "\n",
    "for i in range(len(train1)):\n",
    "    train1[i].insert(0,1)\n",
    "\n",
    "\n",
    "test1 = []\n",
    "\n",
    "with open(\"bank-note/test.csv\", \"r\") as f:\n",
    "    for line in f:\n",
    "        item = line.strip().split(\",\")\n",
    "        test1.append(item)\n",
    "        \n",
    "test2 = to_float(test1)\n",
    "\n",
    "for i in range(len(test2)):\n",
    "    test2[i].insert(0,1)\n",
    "    \n",
    "\n",
    "for i in range(len(train2)):\n",
    "    train2[i] = np.array(train2[i])\n",
    "    if train2[i][-1] < 0.5:\n",
    "        train2[i][-1] = -1\n",
    "    \n",
    "\n",
    "train = np.array(train2)\n",
    "\n",
    "\n",
    "\n",
    "for i in range(len(test2)):\n",
    "    test2[i] = np.array(test2[i])\n",
    "    if test2[i][-1] < 0.5:\n",
    "        test2[i][-1] = -1\n",
    "\n",
    "\n",
    "test = np.array(test2)"
   ]
  },
  {
   "cell_type": "markdown",
   "metadata": {},
   "source": [
    "# Maximum Likelihood"
   ]
  },
  {
   "cell_type": "code",
   "execution_count": 4,
   "metadata": {},
   "outputs": [],
   "source": [
    "from numba import jit\n",
    "@jit(nopython = True)\n",
    "def gamma(t, gamma_0, d):\n",
    "    return (gamma_0/(1+ (gamma_0/d)*t))"
   ]
  },
  {
   "cell_type": "code",
   "execution_count": 5,
   "metadata": {},
   "outputs": [],
   "source": [
    "@jit(nopython = True)\n",
    "def Objective_func(W, train):\n",
    "    \n",
    "    summ = 0\n",
    "    for i in range(len(train)):\n",
    "        if -train[i][-1] * W.dot(train[i][:-1]) > 200:\n",
    "            summ = summ + np.log(1 + math.exp(200))\n",
    "        else: \n",
    "            summ = summ + np.log(1 + math.exp(-train[i][-1] * W.dot(train[i][:-1])))\n",
    "    return(summ)"
   ]
  },
  {
   "cell_type": "code",
   "execution_count": 6,
   "metadata": {},
   "outputs": [],
   "source": [
    "@jit(nopython = True)\n",
    "def Objective_func1(W, x, y, N):\n",
    "    \n",
    "    if - y * W.dot(x) > 200: # 709\n",
    "        L = N * np.log(1 + math.exp(200))\n",
    "\n",
    "    else: \n",
    "        L = N * np.log(1 + math.exp(- y * W.dot(x)))\n",
    "    \n",
    "    return(L)"
   ]
  },
  {
   "cell_type": "code",
   "execution_count": 7,
   "metadata": {},
   "outputs": [],
   "source": [
    "def sigmoid(z):\n",
    "    if z < -200:\n",
    "        return 0\n",
    "    else:\n",
    "        return 1/(1+ math.exp(-z))\n",
    "\n",
    "#sigmoid = np.vectorize(sigmoid)"
   ]
  },
  {
   "cell_type": "code",
   "execution_count": 8,
   "metadata": {},
   "outputs": [],
   "source": [
    "def Maximum_Likelihood(T, train, d, gamma_0, W_0): \n",
    "    \n",
    "    WW = []\n",
    "    Obj_func = []  \n",
    "    N = len(train)\n",
    "    \n",
    "    W = W_0\n",
    "    for t in range(T): \n",
    "        train_list = list(train)\n",
    "        random.shuffle(train_list)\n",
    "        train = np.array(train_list)\n",
    "        for i in range(N): \n",
    "            grad_SGD = - N * train[i][-1] * (1 - sigmoid(train[i][-1] * W.dot(train[i][:-1]))) * train[i][:-1]\n",
    "            W = W - gamma(t,gamma_0,d) * grad_SGD\n",
    "\n",
    "            WW.append(W)\n",
    "            Obj_func.append(Objective_func(W, train))\n",
    "            #Obj_func.append(Objective_func1(W, train[i][:-1], train[i][-1],N))\n",
    "    \n",
    "    return(Obj_func, W, WW)"
   ]
  },
  {
   "cell_type": "code",
   "execution_count": 9,
   "metadata": {},
   "outputs": [
    {
     "name": "stdout",
     "output_type": "stream",
     "text": [
      "33.91155505180359\n",
      "Weight vector is: [ 20.58049091 -22.47561101 -11.93553024 -15.48606284  -2.29942726]\n",
      "Loss is: [22.191406179737097, 22.191406179737097, 22.191406179737097, 22.183055140057565]\n"
     ]
    }
   ],
   "source": [
    "W_0 = np.zeros(5)\n",
    "T = 100\n",
    "gamma_0 = 0.001\n",
    "d = 0.002\n",
    "\n",
    "Start_time = time.time()\n",
    "Obj_func, W , WW = Maximum_Likelihood(T, train, d, gamma_0, W_0)\n",
    "print(time.time() - Start_time)\n",
    "\n",
    "print(\"Weight vector is:\", W) \n",
    "print(\"Loss is:\", Obj_func[-5:-1])"
   ]
  },
  {
   "cell_type": "code",
   "execution_count": 10,
   "metadata": {},
   "outputs": [
    {
     "data": {
      "text/plain": [
       "<Figure size 640x480 with 1 Axes>"
      ]
     },
     "metadata": {},
     "output_type": "display_data"
    }
   ],
   "source": [
    "import matplotlib.pyplot as plt\n",
    "\n",
    "plt.plot(Obj_func)\n",
    "plt.show()"
   ]
  },
  {
   "cell_type": "markdown",
   "metadata": {},
   "source": [
    "# Train Error"
   ]
  },
  {
   "cell_type": "code",
   "execution_count": 11,
   "metadata": {},
   "outputs": [
    {
     "data": {
      "text/plain": [
       "(9, 0.010321100917431193)"
      ]
     },
     "execution_count": 11,
     "metadata": {},
     "output_type": "execute_result"
    }
   ],
   "source": [
    "a = 0\n",
    "m = len(train)\n",
    "for i in range(m):\n",
    "    if train[i][-1] * W.dot(train[i][:-1]) < 0:\n",
    "        a = a + 1\n",
    "a, a/m"
   ]
  },
  {
   "cell_type": "markdown",
   "metadata": {},
   "source": [
    "# Test Error"
   ]
  },
  {
   "cell_type": "code",
   "execution_count": 12,
   "metadata": {},
   "outputs": [
    {
     "data": {
      "text/plain": [
       "(4, 0.008)"
      ]
     },
     "execution_count": 12,
     "metadata": {},
     "output_type": "execute_result"
    }
   ],
   "source": [
    "b = 0\n",
    "n = len(test)\n",
    "for i in range(n):\n",
    "    if test[i][-1] * W.dot(test[i][:-1]) < 0:\n",
    "        b = b + 1\n",
    "b, b/n"
   ]
  },
  {
   "cell_type": "code",
   "execution_count": null,
   "metadata": {},
   "outputs": [],
   "source": []
  }
 ],
 "metadata": {
  "kernelspec": {
   "display_name": "Python 3",
   "language": "python",
   "name": "python3"
  },
  "language_info": {
   "codemirror_mode": {
    "name": "ipython",
    "version": 3
   },
   "file_extension": ".py",
   "mimetype": "text/x-python",
   "name": "python",
   "nbconvert_exporter": "python",
   "pygments_lexer": "ipython3",
   "version": "3.7.4"
  }
 },
 "nbformat": 4,
 "nbformat_minor": 2
}
