{
 "cells": [
  {
   "cell_type": "markdown",
   "metadata": {},
   "source": [
    "# Processing Data"
   ]
  },
  {
   "cell_type": "code",
   "execution_count": 67,
   "metadata": {},
   "outputs": [],
   "source": [
    "import numpy as np\n",
    "import random\n",
    "import time\n",
    "import math\n",
    "import pandas as pd \n",
    "from scipy import linalg as LA"
   ]
  },
  {
   "cell_type": "code",
   "execution_count": 68,
   "metadata": {},
   "outputs": [],
   "source": [
    "def to_float(data):\n",
    "    for x in data:\n",
    "        for i in range(len(data[0])):\n",
    "            x[i] = float(x[i])\n",
    "    return data"
   ]
  },
  {
   "cell_type": "code",
   "execution_count": 69,
   "metadata": {},
   "outputs": [],
   "source": [
    "train1 = []\n",
    "\n",
    "with open(\"bank-note/train.csv\", \"r\") as f:\n",
    "    for line in f:\n",
    "        item = line.strip().split(\",\")\n",
    "        train1.append(item) #([1]+ item)\n",
    "        \n",
    "train2 = to_float(train1)        \n",
    "\n",
    "for i in range(len(train1)):\n",
    "    train1[i].insert(4,1)\n",
    "\n",
    "\n",
    "test1 = []\n",
    "\n",
    "with open(\"bank-note/test.csv\", \"r\") as f:\n",
    "    for line in f:\n",
    "        item = line.strip().split(\",\")\n",
    "        test1.append(item)\n",
    "        \n",
    "test2 = to_float(test1)\n",
    "\n",
    "for i in range(len(test2)):\n",
    "    test2[i].insert(4,1)\n",
    "    \n",
    "\n",
    "for i in range(len(train2)):\n",
    "    train2[i] = np.array(train2[i])\n",
    "    if train2[i][-1] < 0.5:\n",
    "        train2[i][-1] = -1\n",
    "    \n",
    "\n",
    "train = np.array(train2)\n",
    "\n",
    "\n",
    "\n",
    "for i in range(len(test2)):\n",
    "    test2[i] = np.array(test2[i])\n",
    "    if test2[i][-1] < 0.5:\n",
    "        test2[i][-1] = -1\n",
    "\n",
    "\n",
    "test = np.array(test2)"
   ]
  },
  {
   "cell_type": "code",
   "execution_count": 70,
   "metadata": {},
   "outputs": [],
   "source": [
    "n = len(train)\n",
    "m = len(test)"
   ]
  },
  {
   "cell_type": "code",
   "execution_count": 71,
   "metadata": {},
   "outputs": [
    {
     "data": {
      "text/plain": [
       "389"
      ]
     },
     "execution_count": 71,
     "metadata": {},
     "output_type": "execute_result"
    }
   ],
   "source": [
    "c1 = 0\n",
    "for i in range(n):\n",
    "    if train[i][-1] > 0:\n",
    "        c1 = c1 + 1\n",
    "c1"
   ]
  },
  {
   "cell_type": "markdown",
   "metadata": {},
   "source": [
    "# Back Propagation"
   ]
  },
  {
   "cell_type": "code",
   "execution_count": 6,
   "metadata": {},
   "outputs": [],
   "source": [
    "from numba import jit\n",
    "@jit(nopython = True)\n",
    "def gamma(t, gamma_0, d):\n",
    "    return (gamma_0/(1+ (gamma_0/d)*t)) "
   ]
  },
  {
   "cell_type": "code",
   "execution_count": 7,
   "metadata": {},
   "outputs": [],
   "source": [
    "def sigmoid1(z):\n",
    "    return 1/(1+ math.exp(-z))\n",
    "\n",
    "sigmoid = np.vectorize(sigmoid1)"
   ]
  },
  {
   "cell_type": "code",
   "execution_count": 8,
   "metadata": {},
   "outputs": [],
   "source": [
    "# Generating a Gaussian random variable matrix  \n",
    "# np.random.normal(mean, standard deviation, shape)\n",
    "#np.random.normal(0, 1, (2,3))"
   ]
  },
  {
   "cell_type": "code",
   "execution_count": 9,
   "metadata": {},
   "outputs": [],
   "source": [
    "class NeuralNetwork():\n",
    "    \n",
    "    def __init__(self, num_nodes_hid_layers_1, num_nodes_hid_layers_2,\n",
    "                num_input_nodes, num_output_nodes):\n",
    "        \n",
    "        self.num_nodes_hid_layers_1 = num_nodes_hid_layers_1\n",
    "        self.num_nodes_hid_layers_2 = num_nodes_hid_layers_2\n",
    "        self.num_input_nodes = num_input_nodes\n",
    "        self.num_output_nodes = num_output_nodes      \n",
    "                \n",
    "        self.weights_layer_1 = np.random.normal(0, 1, (self.num_nodes_hid_layers_1 -1, self.num_input_nodes))\n",
    "        self.weights_layer_2 = np.random.normal(0, 1, (self.num_nodes_hid_layers_2 -1, self.num_nodes_hid_layers_1))\n",
    "        self.weights_layer_3 = np.random.normal(0, 1, (self.num_output_nodes, self.num_nodes_hid_layers_2))\n",
    "\n",
    "\n",
    "    def ForwardPass(self, x):\n",
    "\n",
    "        x = x.reshape(-1,1)\n",
    "\n",
    "        self.temp_1 = sigmoid(self.weights_layer_1 @ x)\n",
    "        # temp_1 is values of z in layer 1, i.e. z_0^1, z_1^1, z_2^1\n",
    "\n",
    "        self.temp_2 = sigmoid(self.weights_layer_2 @ np.concatenate((self.temp_1, np.array([[1]])), axis = 0))\n",
    "        # temp_2 is values of z in layer 2, i.e. z_0^2, z_1^2, z_2^2\n",
    "        \n",
    "        self.temp_3 = self.weights_layer_3 @ np.concatenate((self.temp_2, np.array([[1]])), axis = 0)\n",
    "        # temp_3 is values of what going to resige in sign function to give y \n",
    "\n",
    "        return(np.sign(self.temp_3))\n",
    "        # returnes the y value\n",
    "        \n",
    "    \n",
    "    def Backpropagation(self, x, y, gamma_0, d): # y=label(x)\n",
    "\n",
    "        x = x.reshape(-1,1)\n",
    "        \n",
    "        temp_11 = sigmoid(self.weights_layer_1 @ x)\n",
    "        \n",
    "        temp_22 = sigmoid(self.weights_layer_2 @ np.concatenate((temp_11, np.array([[1]])), axis = 0))\n",
    "\n",
    "        temp_33 = self.weights_layer_3 @ np.concatenate((temp_22, np.array([[1]])), axis = 0)\n",
    "        \n",
    "        temp = temp_33 - y\n",
    "        self.grad_output = temp * (np.concatenate((temp_22, [[1]]), axis = 0)).T\n",
    "    \n",
    "        \n",
    "        t = temp * self.weights_layer_3[:1, :-1] * temp_22.T*(1 - temp_22.T)\n",
    "        self.grad_level_1 = (t * np.concatenate((temp_11, np.array([[1]])), axis = 0)).T\n",
    "        \n",
    "        Q = np.zeros((self.num_nodes_hid_layers_1 -1))\n",
    "        for i in range(self.num_nodes_hid_layers_1 -1):\n",
    "            Q[i] = (t @ self.weights_layer_2[:,i].T) * (temp_11.T * (1 - temp_11).T)[0,i]\n",
    "        \n",
    "        self.grad_level_0 = Q.reshape(-1,1) @ x.T\n",
    "        \n",
    "        return(self.grad_level_0, self.grad_level_1, self.grad_output)\n",
    "    \n",
    "    def fun(self, x, y, gamma_0, d, number_of_iterations):\n",
    "        self.Backpropagation(x, y, gamma_0, d)\n",
    "        \n",
    "        self.weights_layer_3 = self.weights_layer_3 - gamma(number_of_iterations, gamma_0, d) * self.grad_output\n",
    "        self.weights_layer_2 = self.weights_layer_2 - gamma(number_of_iterations, gamma_0, d) * self.grad_level_1\n",
    "        self.weights_layer_1 = self.weights_layer_1 - gamma(number_of_iterations, gamma_0, d) * self.grad_level_0 \n",
    "        number_of_iterations = number_of_iterations + 1\n",
    "        \n",
    "        return(number_of_iterations)\n"
   ]
  },
  {
   "cell_type": "markdown",
   "metadata": {},
   "source": [
    "# Stochastic Gradient Descent"
   ]
  },
  {
   "cell_type": "code",
   "execution_count": 32,
   "metadata": {},
   "outputs": [
    {
     "name": "stdout",
     "output_type": "stream",
     "text": [
      "15.62557601928711\n",
      "18.2119140625\n",
      "31.668313026428223\n",
      "58.996981143951416\n",
      "105.35071110725403\n",
      "229.85526585578918\n"
     ]
    }
   ],
   "source": [
    "start = time.time()\n",
    "width_list = [5, 10, 25, 50, 100]\n",
    "T = 20\n",
    "gamma_0 = 0.02\n",
    "d = 2\n",
    "w_list = []\n",
    "N = [0] * len(width_list)\n",
    "\n",
    "for k in range(len(width_list)):\n",
    "    start1 = time.time()\n",
    "    N[k] = NeuralNetwork(num_nodes_hid_layers_1 = width_list[k], num_nodes_hid_layers_2 = \n",
    "                         width_list[k], num_input_nodes = 5, num_output_nodes = 1)\n",
    "\n",
    "    w = np.array([N[k].weights_layer_1, N[k].weights_layer_2, N[k].weights_layer_3])\n",
    "\n",
    "    for t in range(T): \n",
    "        train_list = list(train)\n",
    "        random.shuffle(train_list)\n",
    "        train = np.array(train_list)\n",
    "        for i in range(n):\n",
    "            N[k].fun(train[i][:-1], train[i][-1], gamma_0, d, 1)\n",
    "            w = w - np.array([[gamma(t, gamma_0, d)]]) * N[k].Backpropagation(\n",
    "                train[i][:-1], train[i][-1], gamma_0, d)\n",
    "            \n",
    "    \n",
    "    print(time.time() - start1)\n",
    "    w_list.append(w)\n",
    "\n",
    "print(time.time() - start)"
   ]
  },
  {
   "cell_type": "markdown",
   "metadata": {},
   "source": [
    "# Train Error"
   ]
  },
  {
   "cell_type": "code",
   "execution_count": 33,
   "metadata": {},
   "outputs": [
    {
     "data": {
      "text/plain": [
       "(array([0., 0., 0., 0., 0.]), array([0., 0., 0., 0., 0.]))"
      ]
     },
     "execution_count": 33,
     "metadata": {},
     "output_type": "execute_result"
    }
   ],
   "source": [
    "a = np.zeros(len(width_list))\n",
    "\n",
    "for k in range(len(width_list)):\n",
    "    for i in range(n):\n",
    "        if train[i][-1] * N[k].ForwardPass(train[i][:-1]) < 0:\n",
    "            a[k] = a[k] + 1\n",
    "a, a/n"
   ]
  },
  {
   "cell_type": "markdown",
   "metadata": {},
   "source": [
    "# Test Error"
   ]
  },
  {
   "cell_type": "code",
   "execution_count": 34,
   "metadata": {},
   "outputs": [
    {
     "data": {
      "text/plain": [
       "(array([0., 0., 0., 0., 0.]), array([0., 0., 0., 0., 0.]))"
      ]
     },
     "execution_count": 34,
     "metadata": {},
     "output_type": "execute_result"
    }
   ],
   "source": [
    "b = np.zeros(len(width_list))\n",
    "\n",
    "for k in range(len(width_list)):\n",
    "    for i in range(m):\n",
    "        if test[i][-1] * N[k].ForwardPass(test[i][:-1]) < 0:\n",
    "            b[k] = b[k] + 1\n",
    "b, b/m"
   ]
  },
  {
   "cell_type": "code",
   "execution_count": 35,
   "metadata": {},
   "outputs": [],
   "source": [
    "weight = [0] * len(width_list)\n",
    "\n",
    "for k in range(len(width_list)):\n",
    "    weight[k] = w_list[k][-1][-1][-1]"
   ]
  },
  {
   "cell_type": "markdown",
   "metadata": {},
   "source": [
    "# Presentation of errors on dataframe"
   ]
  },
  {
   "cell_type": "code",
   "execution_count": 31,
   "metadata": {},
   "outputs": [
    {
     "data": {
      "text/html": [
       "<div>\n",
       "<style scoped>\n",
       "    .dataframe tbody tr th:only-of-type {\n",
       "        vertical-align: middle;\n",
       "    }\n",
       "\n",
       "    .dataframe tbody tr th {\n",
       "        vertical-align: top;\n",
       "    }\n",
       "\n",
       "    .dataframe thead th {\n",
       "        text-align: right;\n",
       "    }\n",
       "</style>\n",
       "<table border=\"1\" class=\"dataframe\">\n",
       "  <thead>\n",
       "    <tr style=\"text-align: right;\">\n",
       "      <th></th>\n",
       "      <th>Width</th>\n",
       "      <th>Train Error</th>\n",
       "      <th>Test Error</th>\n",
       "    </tr>\n",
       "  </thead>\n",
       "  <tbody>\n",
       "    <tr>\n",
       "      <td>1</td>\n",
       "      <td>5</td>\n",
       "      <td>0.010321</td>\n",
       "      <td>0.012</td>\n",
       "    </tr>\n",
       "    <tr>\n",
       "      <td>2</td>\n",
       "      <td>10</td>\n",
       "      <td>0.001147</td>\n",
       "      <td>0.002</td>\n",
       "    </tr>\n",
       "    <tr>\n",
       "      <td>3</td>\n",
       "      <td>25</td>\n",
       "      <td>0.004587</td>\n",
       "      <td>0.006</td>\n",
       "    </tr>\n",
       "    <tr>\n",
       "      <td>4</td>\n",
       "      <td>50</td>\n",
       "      <td>0.004587</td>\n",
       "      <td>0.010</td>\n",
       "    </tr>\n",
       "    <tr>\n",
       "      <td>5</td>\n",
       "      <td>100</td>\n",
       "      <td>0.019495</td>\n",
       "      <td>0.012</td>\n",
       "    </tr>\n",
       "  </tbody>\n",
       "</table>\n",
       "</div>"
      ],
      "text/plain": [
       "   Width  Train Error  Test Error\n",
       "1      5     0.010321       0.012\n",
       "2     10     0.001147       0.002\n",
       "3     25     0.004587       0.006\n",
       "4     50     0.004587       0.010\n",
       "5    100     0.019495       0.012"
      ]
     },
     "execution_count": 31,
     "metadata": {},
     "output_type": "execute_result"
    }
   ],
   "source": [
    "T = 1\n",
    "Dic = {}\n",
    "    \n",
    "for i in range(len(width_list)): \n",
    "    Dic[i+1] = [width_list[i], a[i]/n, b[i]/m]\n",
    "    \n",
    "pd.DataFrame.from_dict(Dic, orient='index', columns=['Width','Train Error', 'Test Error'])"
   ]
  },
  {
   "cell_type": "code",
   "execution_count": 26,
   "metadata": {},
   "outputs": [
    {
     "data": {
      "text/html": [
       "<div>\n",
       "<style scoped>\n",
       "    .dataframe tbody tr th:only-of-type {\n",
       "        vertical-align: middle;\n",
       "    }\n",
       "\n",
       "    .dataframe tbody tr th {\n",
       "        vertical-align: top;\n",
       "    }\n",
       "\n",
       "    .dataframe thead th {\n",
       "        text-align: right;\n",
       "    }\n",
       "</style>\n",
       "<table border=\"1\" class=\"dataframe\">\n",
       "  <thead>\n",
       "    <tr style=\"text-align: right;\">\n",
       "      <th></th>\n",
       "      <th>Width</th>\n",
       "      <th>Train Error</th>\n",
       "      <th>Test Error</th>\n",
       "    </tr>\n",
       "  </thead>\n",
       "  <tbody>\n",
       "    <tr>\n",
       "      <td>1</td>\n",
       "      <td>5</td>\n",
       "      <td>0.006881</td>\n",
       "      <td>0.004</td>\n",
       "    </tr>\n",
       "    <tr>\n",
       "      <td>2</td>\n",
       "      <td>10</td>\n",
       "      <td>0.012615</td>\n",
       "      <td>0.014</td>\n",
       "    </tr>\n",
       "    <tr>\n",
       "      <td>3</td>\n",
       "      <td>25</td>\n",
       "      <td>0.002294</td>\n",
       "      <td>0.004</td>\n",
       "    </tr>\n",
       "    <tr>\n",
       "      <td>4</td>\n",
       "      <td>50</td>\n",
       "      <td>0.000000</td>\n",
       "      <td>0.002</td>\n",
       "    </tr>\n",
       "    <tr>\n",
       "      <td>5</td>\n",
       "      <td>100</td>\n",
       "      <td>0.000000</td>\n",
       "      <td>0.002</td>\n",
       "    </tr>\n",
       "  </tbody>\n",
       "</table>\n",
       "</div>"
      ],
      "text/plain": [
       "   Width  Train Error  Test Error\n",
       "1      5     0.006881       0.004\n",
       "2     10     0.012615       0.014\n",
       "3     25     0.002294       0.004\n",
       "4     50     0.000000       0.002\n",
       "5    100     0.000000       0.002"
      ]
     },
     "execution_count": 26,
     "metadata": {},
     "output_type": "execute_result"
    }
   ],
   "source": [
    "T = 5\n",
    "Dic = {}\n",
    "    \n",
    "for i in range(len(width_list)): \n",
    "    Dic[i+1] = [width_list[i], a[i]/n, b[i]/m]\n",
    "    \n",
    "pd.DataFrame.from_dict(Dic, orient='index', columns=['Width','Train Error', 'Test Error'])"
   ]
  },
  {
   "cell_type": "code",
   "execution_count": 21,
   "metadata": {},
   "outputs": [
    {
     "data": {
      "text/html": [
       "<div>\n",
       "<style scoped>\n",
       "    .dataframe tbody tr th:only-of-type {\n",
       "        vertical-align: middle;\n",
       "    }\n",
       "\n",
       "    .dataframe tbody tr th {\n",
       "        vertical-align: top;\n",
       "    }\n",
       "\n",
       "    .dataframe thead th {\n",
       "        text-align: right;\n",
       "    }\n",
       "</style>\n",
       "<table border=\"1\" class=\"dataframe\">\n",
       "  <thead>\n",
       "    <tr style=\"text-align: right;\">\n",
       "      <th></th>\n",
       "      <th>Width</th>\n",
       "      <th>Train Error</th>\n",
       "      <th>Test Error</th>\n",
       "    </tr>\n",
       "  </thead>\n",
       "  <tbody>\n",
       "    <tr>\n",
       "      <td>1</td>\n",
       "      <td>5</td>\n",
       "      <td>0.006881</td>\n",
       "      <td>0.018</td>\n",
       "    </tr>\n",
       "    <tr>\n",
       "      <td>2</td>\n",
       "      <td>10</td>\n",
       "      <td>0.000000</td>\n",
       "      <td>0.000</td>\n",
       "    </tr>\n",
       "    <tr>\n",
       "      <td>3</td>\n",
       "      <td>25</td>\n",
       "      <td>0.000000</td>\n",
       "      <td>0.000</td>\n",
       "    </tr>\n",
       "    <tr>\n",
       "      <td>4</td>\n",
       "      <td>50</td>\n",
       "      <td>0.000000</td>\n",
       "      <td>0.002</td>\n",
       "    </tr>\n",
       "    <tr>\n",
       "      <td>5</td>\n",
       "      <td>100</td>\n",
       "      <td>0.000000</td>\n",
       "      <td>0.000</td>\n",
       "    </tr>\n",
       "  </tbody>\n",
       "</table>\n",
       "</div>"
      ],
      "text/plain": [
       "   Width  Train Error  Test Error\n",
       "1      5     0.006881       0.018\n",
       "2     10     0.000000       0.000\n",
       "3     25     0.000000       0.000\n",
       "4     50     0.000000       0.002\n",
       "5    100     0.000000       0.000"
      ]
     },
     "execution_count": 21,
     "metadata": {},
     "output_type": "execute_result"
    }
   ],
   "source": [
    "T = 10\n",
    "Dic = {}\n",
    "    \n",
    "for i in range(len(width_list)): \n",
    "    Dic[i+1] = [width_list[i], a[i]/n, b[i]/m]\n",
    "    \n",
    "pd.DataFrame.from_dict(Dic, orient='index', columns=['Width','Train Error', 'Test Error'])"
   ]
  },
  {
   "cell_type": "code",
   "execution_count": 36,
   "metadata": {},
   "outputs": [
    {
     "data": {
      "text/html": [
       "<div>\n",
       "<style scoped>\n",
       "    .dataframe tbody tr th:only-of-type {\n",
       "        vertical-align: middle;\n",
       "    }\n",
       "\n",
       "    .dataframe tbody tr th {\n",
       "        vertical-align: top;\n",
       "    }\n",
       "\n",
       "    .dataframe thead th {\n",
       "        text-align: right;\n",
       "    }\n",
       "</style>\n",
       "<table border=\"1\" class=\"dataframe\">\n",
       "  <thead>\n",
       "    <tr style=\"text-align: right;\">\n",
       "      <th></th>\n",
       "      <th>Width</th>\n",
       "      <th>Train Error</th>\n",
       "      <th>Test Error</th>\n",
       "    </tr>\n",
       "  </thead>\n",
       "  <tbody>\n",
       "    <tr>\n",
       "      <td>1</td>\n",
       "      <td>5</td>\n",
       "      <td>0.0</td>\n",
       "      <td>0.0</td>\n",
       "    </tr>\n",
       "    <tr>\n",
       "      <td>2</td>\n",
       "      <td>10</td>\n",
       "      <td>0.0</td>\n",
       "      <td>0.0</td>\n",
       "    </tr>\n",
       "    <tr>\n",
       "      <td>3</td>\n",
       "      <td>25</td>\n",
       "      <td>0.0</td>\n",
       "      <td>0.0</td>\n",
       "    </tr>\n",
       "    <tr>\n",
       "      <td>4</td>\n",
       "      <td>50</td>\n",
       "      <td>0.0</td>\n",
       "      <td>0.0</td>\n",
       "    </tr>\n",
       "    <tr>\n",
       "      <td>5</td>\n",
       "      <td>100</td>\n",
       "      <td>0.0</td>\n",
       "      <td>0.0</td>\n",
       "    </tr>\n",
       "  </tbody>\n",
       "</table>\n",
       "</div>"
      ],
      "text/plain": [
       "   Width  Train Error  Test Error\n",
       "1      5          0.0         0.0\n",
       "2     10          0.0         0.0\n",
       "3     25          0.0         0.0\n",
       "4     50          0.0         0.0\n",
       "5    100          0.0         0.0"
      ]
     },
     "execution_count": 36,
     "metadata": {},
     "output_type": "execute_result"
    }
   ],
   "source": [
    "T = 20\n",
    "Dic = {}\n",
    "    \n",
    "for i in range(len(width_list)): \n",
    "    Dic[i+1] = [width_list[i], a[i]/n, b[i]/m]\n",
    "    \n",
    "pd.DataFrame.from_dict(Dic, orient='index', columns=['Width','Train Error', 'Test Error'])"
   ]
  },
  {
   "cell_type": "markdown",
   "metadata": {},
   "source": [
    "# Initializing with 0 weights"
   ]
  },
  {
   "cell_type": "code",
   "execution_count": 111,
   "metadata": {},
   "outputs": [],
   "source": [
    "class NeuralNetwork_0(NeuralNetwork):\n",
    "    def __init__(self, num_nodes_hid_layers_1, num_nodes_hid_layers_2,\n",
    "                num_input_nodes, num_output_nodes):\n",
    "        super().__init__(num_nodes_hid_layers_1, num_nodes_hid_layers_2,\n",
    "                num_input_nodes, num_output_nodes)\n",
    "        \n",
    "        self.weights_layer_1 = np.zeros((self.num_nodes_hid_layers_1 -1, self.num_input_nodes))\n",
    "        self.weights_layer_2 = np.zeros((self.num_nodes_hid_layers_2 -1, self.num_nodes_hid_layers_1))\n",
    "        self.weights_layer_3 = np.zeros((self.num_output_nodes, self.num_nodes_hid_layers_2))\n"
   ]
  },
  {
   "cell_type": "code",
   "execution_count": 118,
   "metadata": {},
   "outputs": [
    {
     "name": "stdout",
     "output_type": "stream",
     "text": [
      "0.7497222423553467\n",
      "0.9431250095367432\n",
      "1.5490000247955322\n",
      "2.7580230236053467\n",
      "5.718754053115845\n",
      "11.720747709274292\n"
     ]
    }
   ],
   "source": [
    "start = time.time()\n",
    "width_list = [5, 10, 25, 50, 100]\n",
    "T = 1\n",
    "gamma_0 = 0.02\n",
    "d = 2\n",
    "w_0_list = []\n",
    "N_0 = [0] * len(width_list)\n",
    "\n",
    "for k in range(len(width_list)):\n",
    "    start1 = time.time()\n",
    "    N_0[k] = NeuralNetwork_0(num_nodes_hid_layers_1 = width_list[k], num_nodes_hid_layers_2 = \n",
    "                         width_list[k], num_input_nodes = 5, num_output_nodes = 1)\n",
    "\n",
    "    w = np.array([N_0[k].weights_layer_1, N_0[k].weights_layer_2, N_0[k].weights_layer_3])\n",
    "\n",
    "    for t in range(T): \n",
    "        train_list = list(train)\n",
    "        random.shuffle(train_list)\n",
    "        train = np.array(train_list)\n",
    "        for i in range(n):\n",
    "            N_0[k].fun_0(train[i][:-1], train[i][-1], gamma_0, d, 1)\n",
    "            w = w - np.array([[gamma(t, gamma_0, d)]]) * N_0[k].Backpropagation_0(train[i][:-1], train[i][-1], gamma_0, d)\n",
    "    \n",
    "    print(time.time() - start1)\n",
    "    w_0_list.append(w)\n",
    "\n",
    "print(time.time() - start)"
   ]
  },
  {
   "cell_type": "code",
   "execution_count": 119,
   "metadata": {},
   "outputs": [
    {
     "data": {
      "text/plain": [
       "(array([389., 389., 389., 389., 483.]),\n",
       " array([0.44610092, 0.44610092, 0.44610092, 0.44610092, 0.55389908]))"
      ]
     },
     "execution_count": 119,
     "metadata": {},
     "output_type": "execute_result"
    }
   ],
   "source": [
    "a0 = np.zeros(len(width_list))\n",
    "\n",
    "for k in range(len(width_list)):\n",
    "    for i in range(n):\n",
    "        if train[i][-1] * N_0[k].ForwardPass_0(train[i][:-1]) < 0:\n",
    "            a0[k] = a0[k] + 1\n",
    "a0, a0/n"
   ]
  },
  {
   "cell_type": "code",
   "execution_count": 120,
   "metadata": {},
   "outputs": [
    {
     "data": {
      "text/plain": [
       "(array([221., 221., 221., 221., 279.]),\n",
       " array([0.442, 0.442, 0.442, 0.442, 0.558]))"
      ]
     },
     "execution_count": 120,
     "metadata": {},
     "output_type": "execute_result"
    }
   ],
   "source": [
    "b0 = np.zeros(len(width_list))\n",
    "\n",
    "for k in range(len(width_list)):\n",
    "    for i in range(m):\n",
    "        if test[i][-1] * N_0[k].ForwardPass_0(test[i][:-1]) < 0:\n",
    "            b0[k] = b0[k] + 1\n",
    "b0, b0/m"
   ]
  },
  {
   "cell_type": "code",
   "execution_count": 121,
   "metadata": {},
   "outputs": [
    {
     "data": {
      "text/html": [
       "<div>\n",
       "<style scoped>\n",
       "    .dataframe tbody tr th:only-of-type {\n",
       "        vertical-align: middle;\n",
       "    }\n",
       "\n",
       "    .dataframe tbody tr th {\n",
       "        vertical-align: top;\n",
       "    }\n",
       "\n",
       "    .dataframe thead th {\n",
       "        text-align: right;\n",
       "    }\n",
       "</style>\n",
       "<table border=\"1\" class=\"dataframe\">\n",
       "  <thead>\n",
       "    <tr style=\"text-align: right;\">\n",
       "      <th></th>\n",
       "      <th>Width</th>\n",
       "      <th>Train Error</th>\n",
       "      <th>Test Error</th>\n",
       "    </tr>\n",
       "  </thead>\n",
       "  <tbody>\n",
       "    <tr>\n",
       "      <td>1</td>\n",
       "      <td>5</td>\n",
       "      <td>0.446101</td>\n",
       "      <td>0.442</td>\n",
       "    </tr>\n",
       "    <tr>\n",
       "      <td>2</td>\n",
       "      <td>10</td>\n",
       "      <td>0.446101</td>\n",
       "      <td>0.442</td>\n",
       "    </tr>\n",
       "    <tr>\n",
       "      <td>3</td>\n",
       "      <td>25</td>\n",
       "      <td>0.446101</td>\n",
       "      <td>0.442</td>\n",
       "    </tr>\n",
       "    <tr>\n",
       "      <td>4</td>\n",
       "      <td>50</td>\n",
       "      <td>0.446101</td>\n",
       "      <td>0.442</td>\n",
       "    </tr>\n",
       "    <tr>\n",
       "      <td>5</td>\n",
       "      <td>100</td>\n",
       "      <td>0.553899</td>\n",
       "      <td>0.558</td>\n",
       "    </tr>\n",
       "  </tbody>\n",
       "</table>\n",
       "</div>"
      ],
      "text/plain": [
       "   Width  Train Error  Test Error\n",
       "1      5     0.446101       0.442\n",
       "2     10     0.446101       0.442\n",
       "3     25     0.446101       0.442\n",
       "4     50     0.446101       0.442\n",
       "5    100     0.553899       0.558"
      ]
     },
     "execution_count": 121,
     "metadata": {},
     "output_type": "execute_result"
    }
   ],
   "source": [
    "T = 1\n",
    "Dic = {}\n",
    "    \n",
    "for i in range(len(width_list)): \n",
    "    Dic[i+1] = [width_list[i], a0[i]/n, b0[i]/m]\n",
    "    \n",
    "pd.DataFrame.from_dict(Dic, orient='index', columns=['Width','Train Error', 'Test Error'])"
   ]
  },
  {
   "cell_type": "code",
   "execution_count": 106,
   "metadata": {},
   "outputs": [
    {
     "data": {
      "text/html": [
       "<div>\n",
       "<style scoped>\n",
       "    .dataframe tbody tr th:only-of-type {\n",
       "        vertical-align: middle;\n",
       "    }\n",
       "\n",
       "    .dataframe tbody tr th {\n",
       "        vertical-align: top;\n",
       "    }\n",
       "\n",
       "    .dataframe thead th {\n",
       "        text-align: right;\n",
       "    }\n",
       "</style>\n",
       "<table border=\"1\" class=\"dataframe\">\n",
       "  <thead>\n",
       "    <tr style=\"text-align: right;\">\n",
       "      <th></th>\n",
       "      <th>Width</th>\n",
       "      <th>Train Error</th>\n",
       "      <th>Test Error</th>\n",
       "    </tr>\n",
       "  </thead>\n",
       "  <tbody>\n",
       "    <tr>\n",
       "      <td>1</td>\n",
       "      <td>5</td>\n",
       "      <td>0.446101</td>\n",
       "      <td>0.442</td>\n",
       "    </tr>\n",
       "    <tr>\n",
       "      <td>2</td>\n",
       "      <td>10</td>\n",
       "      <td>0.364679</td>\n",
       "      <td>0.352</td>\n",
       "    </tr>\n",
       "    <tr>\n",
       "      <td>3</td>\n",
       "      <td>25</td>\n",
       "      <td>0.034404</td>\n",
       "      <td>0.028</td>\n",
       "    </tr>\n",
       "    <tr>\n",
       "      <td>4</td>\n",
       "      <td>50</td>\n",
       "      <td>0.032110</td>\n",
       "      <td>0.032</td>\n",
       "    </tr>\n",
       "    <tr>\n",
       "      <td>5</td>\n",
       "      <td>100</td>\n",
       "      <td>0.032110</td>\n",
       "      <td>0.032</td>\n",
       "    </tr>\n",
       "  </tbody>\n",
       "</table>\n",
       "</div>"
      ],
      "text/plain": [
       "   Width  Train Error  Test Error\n",
       "1      5     0.446101       0.442\n",
       "2     10     0.364679       0.352\n",
       "3     25     0.034404       0.028\n",
       "4     50     0.032110       0.032\n",
       "5    100     0.032110       0.032"
      ]
     },
     "execution_count": 106,
     "metadata": {},
     "output_type": "execute_result"
    }
   ],
   "source": [
    "T = 5\n",
    "Dic = {}\n",
    "    \n",
    "for i in range(len(width_list)): \n",
    "    Dic[i+1] = [width_list[i], a0[i]/n, b0[i]/m]\n",
    "    \n",
    "pd.DataFrame.from_dict(Dic, orient='index', columns=['Width','Train Error', 'Test Error'])"
   ]
  },
  {
   "cell_type": "code",
   "execution_count": 110,
   "metadata": {},
   "outputs": [
    {
     "data": {
      "text/html": [
       "<div>\n",
       "<style scoped>\n",
       "    .dataframe tbody tr th:only-of-type {\n",
       "        vertical-align: middle;\n",
       "    }\n",
       "\n",
       "    .dataframe tbody tr th {\n",
       "        vertical-align: top;\n",
       "    }\n",
       "\n",
       "    .dataframe thead th {\n",
       "        text-align: right;\n",
       "    }\n",
       "</style>\n",
       "<table border=\"1\" class=\"dataframe\">\n",
       "  <thead>\n",
       "    <tr style=\"text-align: right;\">\n",
       "      <th></th>\n",
       "      <th>Width</th>\n",
       "      <th>Train Error</th>\n",
       "      <th>Test Error</th>\n",
       "    </tr>\n",
       "  </thead>\n",
       "  <tbody>\n",
       "    <tr>\n",
       "      <td>1</td>\n",
       "      <td>5</td>\n",
       "      <td>0.009174</td>\n",
       "      <td>0.010</td>\n",
       "    </tr>\n",
       "    <tr>\n",
       "      <td>2</td>\n",
       "      <td>10</td>\n",
       "      <td>0.012615</td>\n",
       "      <td>0.012</td>\n",
       "    </tr>\n",
       "    <tr>\n",
       "      <td>3</td>\n",
       "      <td>25</td>\n",
       "      <td>0.011468</td>\n",
       "      <td>0.014</td>\n",
       "    </tr>\n",
       "    <tr>\n",
       "      <td>4</td>\n",
       "      <td>50</td>\n",
       "      <td>0.017202</td>\n",
       "      <td>0.016</td>\n",
       "    </tr>\n",
       "    <tr>\n",
       "      <td>5</td>\n",
       "      <td>100</td>\n",
       "      <td>0.017202</td>\n",
       "      <td>0.016</td>\n",
       "    </tr>\n",
       "  </tbody>\n",
       "</table>\n",
       "</div>"
      ],
      "text/plain": [
       "   Width  Train Error  Test Error\n",
       "1      5     0.009174       0.010\n",
       "2     10     0.012615       0.012\n",
       "3     25     0.011468       0.014\n",
       "4     50     0.017202       0.016\n",
       "5    100     0.017202       0.016"
      ]
     },
     "execution_count": 110,
     "metadata": {},
     "output_type": "execute_result"
    }
   ],
   "source": [
    "T = 10\n",
    "Dic = {}\n",
    "    \n",
    "for i in range(len(width_list)): \n",
    "    Dic[i+1] = [width_list[i], a0[i]/n, b0[i]/m]\n",
    "    \n",
    "pd.DataFrame.from_dict(Dic, orient='index', columns=['Width','Train Error', 'Test Error'])"
   ]
  },
  {
   "cell_type": "code",
   "execution_count": 117,
   "metadata": {},
   "outputs": [
    {
     "data": {
      "text/html": [
       "<div>\n",
       "<style scoped>\n",
       "    .dataframe tbody tr th:only-of-type {\n",
       "        vertical-align: middle;\n",
       "    }\n",
       "\n",
       "    .dataframe tbody tr th {\n",
       "        vertical-align: top;\n",
       "    }\n",
       "\n",
       "    .dataframe thead th {\n",
       "        text-align: right;\n",
       "    }\n",
       "</style>\n",
       "<table border=\"1\" class=\"dataframe\">\n",
       "  <thead>\n",
       "    <tr style=\"text-align: right;\">\n",
       "      <th></th>\n",
       "      <th>Width</th>\n",
       "      <th>Train Error</th>\n",
       "      <th>Test Error</th>\n",
       "    </tr>\n",
       "  </thead>\n",
       "  <tbody>\n",
       "    <tr>\n",
       "      <td>1</td>\n",
       "      <td>5</td>\n",
       "      <td>0.009174</td>\n",
       "      <td>0.010</td>\n",
       "    </tr>\n",
       "    <tr>\n",
       "      <td>2</td>\n",
       "      <td>10</td>\n",
       "      <td>0.009174</td>\n",
       "      <td>0.012</td>\n",
       "    </tr>\n",
       "    <tr>\n",
       "      <td>3</td>\n",
       "      <td>25</td>\n",
       "      <td>0.017202</td>\n",
       "      <td>0.016</td>\n",
       "    </tr>\n",
       "    <tr>\n",
       "      <td>4</td>\n",
       "      <td>50</td>\n",
       "      <td>0.018349</td>\n",
       "      <td>0.016</td>\n",
       "    </tr>\n",
       "    <tr>\n",
       "      <td>5</td>\n",
       "      <td>100</td>\n",
       "      <td>0.017202</td>\n",
       "      <td>0.016</td>\n",
       "    </tr>\n",
       "  </tbody>\n",
       "</table>\n",
       "</div>"
      ],
      "text/plain": [
       "   Width  Train Error  Test Error\n",
       "1      5     0.009174       0.010\n",
       "2     10     0.009174       0.012\n",
       "3     25     0.017202       0.016\n",
       "4     50     0.018349       0.016\n",
       "5    100     0.017202       0.016"
      ]
     },
     "execution_count": 117,
     "metadata": {},
     "output_type": "execute_result"
    }
   ],
   "source": [
    "T = 20\n",
    "Dic = {}\n",
    "    \n",
    "for i in range(len(width_list)): \n",
    "    Dic[i+1] = [width_list[i], a0[i]/n, b0[i]/m]\n",
    "    \n",
    "pd.DataFrame.from_dict(Dic, orient='index', columns=['Width','Train Error', 'Test Error'])"
   ]
  },
  {
   "cell_type": "code",
   "execution_count": null,
   "metadata": {},
   "outputs": [],
   "source": []
  }
 ],
 "metadata": {
  "kernelspec": {
   "display_name": "Python 3",
   "language": "python",
   "name": "python3"
  },
  "language_info": {
   "codemirror_mode": {
    "name": "ipython",
    "version": 3
   },
   "file_extension": ".py",
   "mimetype": "text/x-python",
   "name": "python",
   "nbconvert_exporter": "python",
   "pygments_lexer": "ipython3",
   "version": "3.7.4"
  }
 },
 "nbformat": 4,
 "nbformat_minor": 2
}
