{
 "cells": [
  {
   "cell_type": "markdown",
   "metadata": {},
   "source": [
    "# Processing Data"
   ]
  },
  {
   "cell_type": "code",
   "execution_count": 13,
   "metadata": {},
   "outputs": [],
   "source": [
    "import numpy as np\n",
    "import random\n",
    "import time\n",
    "import math\n",
    "from termcolor import colored"
   ]
  },
  {
   "cell_type": "code",
   "execution_count": 14,
   "metadata": {},
   "outputs": [],
   "source": [
    "def to_float(data):\n",
    "    for x in data:\n",
    "        for i in range(len(data[0])):\n",
    "            x[i] = float(x[i])\n",
    "    return data"
   ]
  },
  {
   "cell_type": "code",
   "execution_count": 15,
   "metadata": {},
   "outputs": [],
   "source": [
    "train1 = []\n",
    "\n",
    "with open(\"bank-note/train.csv\", \"r\") as f:\n",
    "    for line in f:\n",
    "        item = line.strip().split(\",\")\n",
    "        train1.append(item) #([1]+ item)\n",
    "        \n",
    "train2 = to_float(train1)        \n",
    "\n",
    "for i in range(len(train1)):\n",
    "    train1[i].insert(4,1)\n",
    "\n",
    "\n",
    "test1 = []\n",
    "\n",
    "with open(\"bank-note/test.csv\", \"r\") as f:\n",
    "    for line in f:\n",
    "        item = line.strip().split(\",\")\n",
    "        test1.append(item)\n",
    "        \n",
    "test2 = to_float(test1)\n",
    "\n",
    "for i in range(len(test2)):\n",
    "    test2[i].insert(4,1)\n",
    "    \n",
    "\n",
    "for i in range(len(train2)):\n",
    "    train2[i] = np.array(train2[i])\n",
    "    if train2[i][-1] < 0.5:\n",
    "        train2[i][-1] = -1\n",
    "    \n",
    "\n",
    "train = np.array(train2)\n",
    "\n",
    "\n",
    "\n",
    "for i in range(len(test2)):\n",
    "    test2[i] = np.array(test2[i])\n",
    "    if test2[i][-1] < 0.5:\n",
    "        test2[i][-1] = -1\n",
    "\n",
    "\n",
    "test = np.array(test2)"
   ]
  },
  {
   "cell_type": "markdown",
   "metadata": {},
   "source": [
    "# Back Propagation"
   ]
  },
  {
   "cell_type": "code",
   "execution_count": 16,
   "metadata": {},
   "outputs": [],
   "source": [
    "from numba import jit\n",
    "@jit(nopython = True)\n",
    "def gamma(t, gamma_0, d):\n",
    "    return (gamma_0/(1+ (gamma_0/d)*t)) "
   ]
  },
  {
   "cell_type": "code",
   "execution_count": 17,
   "metadata": {},
   "outputs": [],
   "source": [
    "def sigmoid1(z):\n",
    "    return 1/(1+ math.exp(-z))\n",
    "\n",
    "sigmoid = np.vectorize(sigmoid1)"
   ]
  },
  {
   "cell_type": "code",
   "execution_count": 18,
   "metadata": {},
   "outputs": [],
   "source": [
    "# Generating Gaussian random variable matrix:  \n",
    "# np.random.normal(mean, standard deviation, shape)\n",
    "#np.random.normal(0, 1, (2,3))"
   ]
  },
  {
   "cell_type": "code",
   "execution_count": 19,
   "metadata": {},
   "outputs": [],
   "source": [
    "class NeuralNetwork():\n",
    "    \n",
    "    def __init__(self, num_nodes_hid_layers_1, num_nodes_hid_layers_2,\n",
    "                num_input_nodes, num_output_nodes):\n",
    "        \n",
    "        self.num_nodes_hid_layers_1 = num_nodes_hid_layers_1\n",
    "        self.num_nodes_hid_layers_2 = num_nodes_hid_layers_2\n",
    "        self.num_input_nodes = num_input_nodes\n",
    "        self.num_output_nodes = num_output_nodes      \n",
    "                \n",
    "        self.weights_layer_1 = np.random.normal(0, 1, (self.num_nodes_hid_layers_1 -1, self.num_input_nodes))\n",
    "        self.weights_layer_2 = np.random.normal(0, 1, (self.num_nodes_hid_layers_2 -1, self.num_nodes_hid_layers_1))\n",
    "        self.weights_layer_3 = np.random.normal(0, 1, (self.num_output_nodes, self.num_nodes_hid_layers_2))\n",
    "\n",
    "\n",
    "    def ForwardPass(self, x):\n",
    "\n",
    "        x = x.reshape(-1,1)\n",
    "\n",
    "        temp_1 = sigmoid(self.weights_layer_1 @ x)\n",
    "        # temp_1 is values of z in layer 1, i.e. z_0^1, z_1^1, z_2^1\n",
    "\n",
    "        temp_2 = sigmoid(self.weights_layer_2 @ np.concatenate((temp_1, np.array([[1]])), axis = 0))\n",
    "        # temp_2 is values of z in layer 2, i.e. z_0^2, z_1^2, z_2^2\n",
    "        \n",
    "        temp_3 = self.weights_layer_3 @ np.concatenate((temp_2, np.array([[1]])), axis = 0)\n",
    "        # temp_3 is values of what going to resige in sign function to give y \n",
    "\n",
    "        return(np.sign(temp_3))\n",
    "        # returnes the y value\n",
    "        \n",
    "    \n",
    "    def Backpropagation(self, x, y, gamma_0, d): # y=label(x)\n",
    "\n",
    "        x = x.reshape(-1,1)\n",
    "        \n",
    "        temp_11 = sigmoid(self.weights_layer_1 @ x)\n",
    "        \n",
    "        temp_22 = sigmoid(self.weights_layer_2 @ np.concatenate((temp_11, np.array([[1]])), axis = 0))\n",
    "\n",
    "        temp_33 = self.weights_layer_3 @ np.concatenate((temp_22, np.array([[1]])), axis = 0)\n",
    "        \n",
    "        temp = temp_33 - y\n",
    "        self.grad_output = temp * (np.concatenate((temp_22, [[1]]), axis = 0)).T\n",
    "    \n",
    "        \n",
    "        t = temp * self.weights_layer_3[:1, :-1] * temp_22.T*(1 - temp_22.T)\n",
    "        self.grad_level_1 = (t * np.concatenate((temp_11, np.array([[1]])), axis = 0)).T\n",
    "        \n",
    "        Q = np.zeros((self.num_nodes_hid_layers_1 -1))\n",
    "        for i in range(self.num_nodes_hid_layers_1 -1):\n",
    "            Q[i] = (t @ self.weights_layer_2[:,i].T) * (temp_11.T * (1 - temp_11).T)[0,i]\n",
    "        \n",
    "        self.grad_level_0 = Q.reshape(-1,1) @ x.T\n",
    "        \n",
    "        \n",
    "    def fun(self, x, y, gamma_0, d, number_of_iterations):\n",
    "        \n",
    "        self.Backpropagation(x, y, gamma_0, d)\n",
    "        \n",
    "        self.weights_layer_3 = self.weights_layer_3 - gamma(number_of_iterations, gamma_0, d) * self.grad_output\n",
    "        self.weights_layer_2 = self.weights_layer_2 - gamma(number_of_iterations, gamma_0, d) * self.grad_level_1\n",
    "        self.weights_layer_1 = self.weights_layer_1 - gamma(number_of_iterations, gamma_0, d) * self.grad_level_0 \n",
    "        number_of_iterations = number_of_iterations + 1\n",
    "        \n",
    "        return(number_of_iterations)\n"
   ]
  },
  {
   "cell_type": "markdown",
   "metadata": {},
   "source": [
    "# Debugging"
   ]
  },
  {
   "cell_type": "code",
   "execution_count": 20,
   "metadata": {},
   "outputs": [],
   "source": [
    "class NeuralNetwork_0(NeuralNetwork):\n",
    "    def __init__(self, num_nodes_hid_layers_1, num_nodes_hid_layers_2,\n",
    "                num_input_nodes, num_output_nodes):\n",
    "        super().__init__(num_nodes_hid_layers_1, num_nodes_hid_layers_2,\n",
    "                num_input_nodes, num_output_nodes)\n",
    "        \n",
    "        self.weights_layer_1 = np.array([[-2,-3,-1],[2,3,1]]) \n",
    "        self.weights_layer_2 = np.array([[-2,-3,-1],[2,3,1]])\n",
    "        self.weights_layer_3 = np.array([[2, -1.5, -1]])"
   ]
  },
  {
   "cell_type": "code",
   "execution_count": 21,
   "metadata": {},
   "outputs": [
    {
     "name": "stdout",
     "output_type": "stream",
     "text": [
      "\u001b[34mPartial derivative of output layer: \n",
      "\u001b[0m [[-0.05983344 -3.24316512 -3.30292799]] \n",
      "\n",
      "\u001b[34mPartial derivative of layer 2: \n",
      "\u001b[0m [[-0.00029069 -0.11728044 -0.11757118]\n",
      " [ 0.00020794  0.08389262  0.08410059]] \n",
      "\n",
      "\u001b[34mPartial derivative of layer 1: \n",
      "\u001b[0m [[0.00099479 0.00099479 0.00099479]\n",
      " [0.00149134 0.00149134 0.00149134]] \n",
      "\n"
     ]
    }
   ],
   "source": [
    "N = NeuralNetwork_0(num_nodes_hid_layers_1 = 3, num_nodes_hid_layers_2 = 3, \n",
    "                  num_input_nodes = 3, num_output_nodes = 1)\n",
    "\n",
    "N.fun(np.ones(3), np.ones(1), 0.02, 2, 1)\n",
    "N.Backpropagation(np.ones(3), np.ones(1), 0.02, 2)\n",
    "\n",
    "print(colored(\"Partial derivative of output layer: \\n\", 'blue'), N.grad_output, \"\\n\")\n",
    "print(colored(\"Partial derivative of layer 2: \\n\", 'blue'), N.grad_level_1, \"\\n\")\n",
    "print(colored(\"Partial derivative of layer 1: \\n\", 'blue'), N.grad_level_0, \"\\n\")"
   ]
  },
  {
   "cell_type": "code",
   "execution_count": null,
   "metadata": {},
   "outputs": [],
   "source": []
  }
 ],
 "metadata": {
  "kernelspec": {
   "display_name": "Python 3",
   "language": "python",
   "name": "python3"
  },
  "language_info": {
   "codemirror_mode": {
    "name": "ipython",
    "version": 3
   },
   "file_extension": ".py",
   "mimetype": "text/x-python",
   "name": "python",
   "nbconvert_exporter": "python",
   "pygments_lexer": "ipython3",
   "version": "3.7.4"
  }
 },
 "nbformat": 4,
 "nbformat_minor": 2
}
